<?xml version="1.0" encoding="UTF-8"?>
<config xmlns="http://www.knime.org/2008/09/XMLConfig" xmlns:xsi="http://www.w3.org/2001/XMLSchema-instance" xsi:schemaLocation="http://www.knime.org/2008/09/XMLConfig http://www.knime.org/XMLConfig_2008_09.xsd" key="model.xml">
    <entry key="version" type="xint" value="1"/>
    <entry key="class_name" type="xstring" value="org.knime.base.data.normalize.NormalizerPortObject"/>
    <config key="model">
        <config key="columns">
            <config key="longitude">
                <entry key="column_name" type="xstring" value="longitude"/>
                <entry key="column_scale" type="xdouble" value="0.09960159362549809"/>
                <entry key="column_translate" type="xdouble" value="12.385458167330686"/>
                <entry key="column_min" type="xdouble" value="0.0"/>
                <entry key="column_max" type="xdouble" value="1.0"/>
            </config>
            <config key="latitude">
                <entry key="column_name" type="xstring" value="latitude"/>
                <entry key="column_scale" type="xdouble" value="0.10626992561105203"/>
                <entry key="column_translate" type="xdouble" value="-3.458023379383633"/>
                <entry key="column_min" type="xdouble" value="0.0"/>
                <entry key="column_max" type="xdouble" value="1.0"/>
            </config>
            <config key="housing_median_age">
                <entry key="column_name" type="xstring" value="housing_median_age"/>
                <entry key="column_scale" type="xdouble" value="0.0196078431372549"/>
                <entry key="column_translate" type="xdouble" value="-0.0196078431372549"/>
                <entry key="column_min" type="xdouble" value="0.0"/>
                <entry key="column_max" type="xdouble" value="1.0"/>
            </config>
            <config key="total_rooms">
                <entry key="column_name" type="xstring" value="total_rooms"/>
                <entry key="column_scale" type="xdouble" value="2.5433643623785543E-5"/>
                <entry key="column_translate" type="xdouble" value="-5.0867287247571086E-5"/>
                <entry key="column_min" type="xdouble" value="0.0"/>
                <entry key="column_max" type="xdouble" value="1.0"/>
            </config>
            <config key="total_bedrooms">
                <entry key="column_name" type="xstring" value="total_bedrooms"/>
                <entry key="column_scale" type="xdouble" value="1.5518311607697082E-4"/>
                <entry key="column_translate" type="xdouble" value="-1.5518311607697082E-4"/>
                <entry key="column_min" type="xdouble" value="0.0"/>
                <entry key="column_max" type="xdouble" value="1.0"/>
            </config>
            <config key="population">
                <entry key="column_name" type="xstring" value="population"/>
                <entry key="column_scale" type="xdouble" value="2.8027691359062753E-5"/>
                <entry key="column_translate" type="xdouble" value="-8.408307407718826E-5"/>
                <entry key="column_min" type="xdouble" value="0.0"/>
                <entry key="column_max" type="xdouble" value="1.0"/>
            </config>
            <config key="households">
                <entry key="column_name" type="xstring" value="households"/>
                <entry key="column_scale" type="xdouble" value="1.64446637066272E-4"/>
                <entry key="column_translate" type="xdouble" value="-1.64446637066272E-4"/>
                <entry key="column_min" type="xdouble" value="0.0"/>
                <entry key="column_max" type="xdouble" value="1.0"/>
            </config>
            <config key="median_income">
                <entry key="column_name" type="xstring" value="median_income"/>
                <entry key="column_scale" type="xdouble" value="0.06896456600598613"/>
                <entry key="column_translate" type="xdouble" value="-0.03447538654639247"/>
                <entry key="column_min" type="xdouble" value="0.0"/>
                <entry key="column_max" type="xdouble" value="1.0"/>
            </config>
            <config key="NEAR BAY">
                <entry key="column_name" type="xstring" value="NEAR BAY"/>
                <entry key="column_scale" type="xdouble" value="1.0"/>
                <entry key="column_translate" type="xdouble" value="0.0"/>
                <entry key="column_min" type="xdouble" value="0.0"/>
                <entry key="column_max" type="xdouble" value="1.0"/>
            </config>
            <config key="&lt;1H OCEAN">
                <entry key="column_name" type="xstring" value="&lt;1H OCEAN"/>
                <entry key="column_scale" type="xdouble" value="1.0"/>
                <entry key="column_translate" type="xdouble" value="0.0"/>
                <entry key="column_min" type="xdouble" value="0.0"/>
                <entry key="column_max" type="xdouble" value="1.0"/>
            </config>
            <config key="INLAND">
                <entry key="column_name" type="xstring" value="INLAND"/>
                <entry key="column_scale" type="xdouble" value="1.0"/>
                <entry key="column_translate" type="xdouble" value="0.0"/>
                <entry key="column_min" type="xdouble" value="0.0"/>
                <entry key="column_max" type="xdouble" value="1.0"/>
            </config>
            <config key="NEAR OCEAN">
                <entry key="column_name" type="xstring" value="NEAR OCEAN"/>
                <entry key="column_scale" type="xdouble" value="1.0"/>
                <entry key="column_translate" type="xdouble" value="0.0"/>
                <entry key="column_min" type="xdouble" value="0.0"/>
                <entry key="column_max" type="xdouble" value="1.0"/>
            </config>
            <config key="ISLAND">
                <entry key="column_name" type="xstring" value="ISLAND"/>
                <entry key="column_scale" type="xdouble" value="1.0"/>
                <entry key="column_translate" type="xdouble" value="0.0"/>
                <entry key="column_min" type="xdouble" value="0.0"/>
                <entry key="column_max" type="xdouble" value="1.0"/>
            </config>
        </config>
        <entry key="summary" type="xstring" value="Min/Max (0.0, 1) normalization on 13 column(s)"/>
    </config>
</config>
