<?xml version="1.0" encoding="UTF-8"?>
<config xmlns="http://www.knime.org/2008/09/XMLConfig" xmlns:xsi="http://www.w3.org/2001/XMLSchema-instance" xsi:schemaLocation="http://www.knime.org/2008/09/XMLConfig http://www.knime.org/XMLConfig_2008_09.xsd" key="MiningSchema">
    <config key="learning">
        <entry key="array-size" type="xint" value="13"/>
        <entry key="0" type="xstring" value="longitude"/>
        <entry key="1" type="xstring" value="latitude"/>
        <entry key="2" type="xstring" value="housing_median_age"/>
        <entry key="3" type="xstring" value="total_rooms"/>
        <entry key="4" type="xstring" value="total_bedrooms"/>
        <entry key="5" type="xstring" value="population"/>
        <entry key="6" type="xstring" value="households"/>
        <entry key="7" type="xstring" value="median_income"/>
        <entry key="8" type="xstring" value="NEAR BAY"/>
        <entry key="9" type="xstring" value="&lt;1H OCEAN"/>
        <entry key="10" type="xstring" value="INLAND"/>
        <entry key="11" type="xstring" value="NEAR OCEAN"/>
        <entry key="12" type="xstring" value="ISLAND"/>
    </config>
    <config key="target">
        <entry key="array-size" type="xint" value="1"/>
        <entry key="0" type="xstring" value="median_house_value"/>
    </config>
</config>
