<?xml version="1.0" encoding="UTF-8"?>
<config xmlns="http://www.knime.org/2008/09/XMLConfig" xmlns:xsi="http://www.w3.org/2001/XMLSchema-instance" xsi:schemaLocation="http://www.knime.org/2008/09/XMLConfig http://www.knime.org/XMLConfig_2008_09.xsd" key="MiningSchema">
    <config key="learning">
        <entry key="array-size" type="xint" value="110"/>
        <entry key="0" type="xstring" value="age"/>
        <entry key="1" type="xstring" value="workclass"/>
        <entry key="2" type="xstring" value="fnlwgt"/>
        <entry key="3" type="xstring" value="education"/>
        <entry key="4" type="xstring" value="marital-status"/>
        <entry key="5" type="xstring" value="occupation"/>
        <entry key="6" type="xstring" value="relationship"/>
        <entry key="7" type="xstring" value="capital-gain"/>
        <entry key="8" type="xstring" value="capital-loss"/>
        <entry key="9" type="xstring" value="hours-per-week"/>
        <entry key="10" type="xstring" value="native-country"/>
        <entry key="11" type="xstring" value="educational-num"/>
        <entry key="12" type="xstring" value="gender"/>
        <entry key="13" type="xstring" value="Private_workclass"/>
        <entry key="14" type="xstring" value="Local-gov_workclass"/>
        <entry key="15" type="xstring" value="_workclass"/>
        <entry key="16" type="xstring" value="Self-emp-not-inc_workclass"/>
        <entry key="17" type="xstring" value="Federal-gov_workclass"/>
        <entry key="18" type="xstring" value="State-gov_workclass"/>
        <entry key="19" type="xstring" value="Self-emp-inc_workclass"/>
        <entry key="20" type="xstring" value="Without-pay_workclass"/>
        <entry key="21" type="xstring" value="Never-worked_workclass"/>
        <entry key="22" type="xstring" value="11th_education"/>
        <entry key="23" type="xstring" value="HS-grad_education"/>
        <entry key="24" type="xstring" value="Assoc-acdm_education"/>
        <entry key="25" type="xstring" value="Some-college_education"/>
        <entry key="26" type="xstring" value="10th_education"/>
        <entry key="27" type="xstring" value="Prof-school_education"/>
        <entry key="28" type="xstring" value="7th-8th_education"/>
        <entry key="29" type="xstring" value="Bachelors_education"/>
        <entry key="30" type="xstring" value="Masters_education"/>
        <entry key="31" type="xstring" value="Doctorate_education"/>
        <entry key="32" type="xstring" value="5th-6th_education"/>
        <entry key="33" type="xstring" value="Assoc-voc_education"/>
        <entry key="34" type="xstring" value="9th_education"/>
        <entry key="35" type="xstring" value="12th_education"/>
        <entry key="36" type="xstring" value="1st-4th_education"/>
        <entry key="37" type="xstring" value="Preschool_education"/>
        <entry key="38" type="xstring" value="Never-married_marital-status"/>
        <entry key="39" type="xstring" value="Married-civ-spouse_marital-status"/>
        <entry key="40" type="xstring" value="Widowed_marital-status"/>
        <entry key="41" type="xstring" value="Divorced_marital-status"/>
        <entry key="42" type="xstring" value="Separated_marital-status"/>
        <entry key="43" type="xstring" value="Married-spouse-absent_marital-status"/>
        <entry key="44" type="xstring" value="Married-AF-spouse_marital-status"/>
        <entry key="45" type="xstring" value="Machine-op-inspct_occupation"/>
        <entry key="46" type="xstring" value="Farming-fishing_occupation"/>
        <entry key="47" type="xstring" value="Protective-serv_occupation"/>
        <entry key="48" type="xstring" value="_occupation"/>
        <entry key="49" type="xstring" value="Other-service_occupation"/>
        <entry key="50" type="xstring" value="Prof-specialty_occupation"/>
        <entry key="51" type="xstring" value="Craft-repair_occupation"/>
        <entry key="52" type="xstring" value="Adm-clerical_occupation"/>
        <entry key="53" type="xstring" value="Exec-managerial_occupation"/>
        <entry key="54" type="xstring" value="Tech-support_occupation"/>
        <entry key="55" type="xstring" value="Sales_occupation"/>
        <entry key="56" type="xstring" value="Priv-house-serv_occupation"/>
        <entry key="57" type="xstring" value="Transport-moving_occupation"/>
        <entry key="58" type="xstring" value="Handlers-cleaners_occupation"/>
        <entry key="59" type="xstring" value="Armed-Forces_occupation"/>
        <entry key="60" type="xstring" value="Own-child_relationship"/>
        <entry key="61" type="xstring" value="Husband_relationship"/>
        <entry key="62" type="xstring" value="Not-in-family_relationship"/>
        <entry key="63" type="xstring" value="Unmarried_relationship"/>
        <entry key="64" type="xstring" value="Wife_relationship"/>
        <entry key="65" type="xstring" value="Other-relative_relationship"/>
        <entry key="66" type="xstring" value="United-States_native-country"/>
        <entry key="67" type="xstring" value="_native-country"/>
        <entry key="68" type="xstring" value="Peru_native-country"/>
        <entry key="69" type="xstring" value="Guatemala_native-country"/>
        <entry key="70" type="xstring" value="Mexico_native-country"/>
        <entry key="71" type="xstring" value="Dominican-Republic_native-country"/>
        <entry key="72" type="xstring" value="Ireland_native-country"/>
        <entry key="73" type="xstring" value="Germany_native-country"/>
        <entry key="74" type="xstring" value="Philippines_native-country"/>
        <entry key="75" type="xstring" value="Thailand_native-country"/>
        <entry key="76" type="xstring" value="Haiti_native-country"/>
        <entry key="77" type="xstring" value="El-Salvador_native-country"/>
        <entry key="78" type="xstring" value="Puerto-Rico_native-country"/>
        <entry key="79" type="xstring" value="Vietnam_native-country"/>
        <entry key="80" type="xstring" value="South_native-country"/>
        <entry key="81" type="xstring" value="Columbia_native-country"/>
        <entry key="82" type="xstring" value="Japan_native-country"/>
        <entry key="83" type="xstring" value="India_native-country"/>
        <entry key="84" type="xstring" value="Cambodia_native-country"/>
        <entry key="85" type="xstring" value="Poland_native-country"/>
        <entry key="86" type="xstring" value="Laos_native-country"/>
        <entry key="87" type="xstring" value="England_native-country"/>
        <entry key="88" type="xstring" value="Cuba_native-country"/>
        <entry key="89" type="xstring" value="Taiwan_native-country"/>
        <entry key="90" type="xstring" value="Italy_native-country"/>
        <entry key="91" type="xstring" value="Canada_native-country"/>
        <entry key="92" type="xstring" value="Portugal_native-country"/>
        <entry key="93" type="xstring" value="China_native-country"/>
        <entry key="94" type="xstring" value="Nicaragua_native-country"/>
        <entry key="95" type="xstring" value="Honduras_native-country"/>
        <entry key="96" type="xstring" value="Iran_native-country"/>
        <entry key="97" type="xstring" value="Scotland_native-country"/>
        <entry key="98" type="xstring" value="Jamaica_native-country"/>
        <entry key="99" type="xstring" value="Ecuador_native-country"/>
        <entry key="100" type="xstring" value="Yugoslavia_native-country"/>
        <entry key="101" type="xstring" value="Hungary_native-country"/>
        <entry key="102" type="xstring" value="Hong_native-country"/>
        <entry key="103" type="xstring" value="Greece_native-country"/>
        <entry key="104" type="xstring" value="Trinadad&amp;Tobago_native-country"/>
        <entry key="105" type="xstring" value="Outlying-US(Guam-USVI-etc)_native-country"/>
        <entry key="106" type="xstring" value="France_native-country"/>
        <entry key="107" type="xstring" value="Holand-Netherlands_native-country"/>
        <entry key="108" type="xstring" value="Male_gender"/>
        <entry key="109" type="xstring" value="Female_gender"/>
    </config>
    <config key="target">
        <entry key="array-size" type="xint" value="1"/>
        <entry key="0" type="xstring" value="income"/>
    </config>
</config>
